307,443,470,723,973
3,111,451,487,488,523,647,764
595,764
3,111,451,487,488,523
307,443,470,723,973
26,238,570,595,628,647,738,764
3,111,451,487,488,523,595,705,961
26,238,570,628
3,111,451,487,488,523
3,111,451,487,488,523,595,764
3,111,451,487,488,523
598,628,729
26,238,570,628
3,111,451,487,488,523
48,595,610,764,885,973
402,598,628,729,778
3,111,451,487,488,523
3,111,451,487,488,523
111,238,395,451,487,488,523
402,778
3,111,451,487,488,523
3,111,247,443,451,487,523,634
3,111,451,487,488,523
307,443,470,480,595,629,634,723,764,950,973,998
402,647,705,738,764,961
506,764
26,238,570,628
595,764
3,111,487,488,523,738,764
598,628,729
247,443,470,480,598,629,634,729,950,998
3,111,451,487,488,523
26,238,247,443,470,570,628,634
48,402,470,610,778,885,973
307,443,470,598,628,723,729,973
3,111,451,480,487,488,523,629,634,998
3,111,451,487,488,523
3,111,451,487,488,523
307,470,723,973
3,111,451,487,488,523,647,738,764
307,443,598,723,729,973
506,647,738,764
26,238,402,480,570,628,634,950,998
169,423,432,647
3,111,487,488,523
3,26,111,238,451,487,488,523,570,595,628,764
3,111,451,487,488,523
247,470,634
307,443,470,598,628,723,729,973
506,647,738,764
3,111,451,487,488,523
3,111,451,487,488,523
3,111,451,470,487,488,523,723,973
307,443,470,647,723,738,764,973
3,111,451,487,488,523
3,111,451,487,488,523
3,111,451,487,488,523
3,111,451,487,488,523
570,628,803,826,883
48,470,506,610,885,973
147,647,738,764,857
470
3,111,451,487,488,523
307,443,470,723,973
402,778
3,111,451,487,488,523
402,705,738,764,961
595,764
26,147,238,570,628,764,857
480,629,950,998
3,111,451,487,488,523
147,307,443,470,723,764,857,973
3,111,451,487,488,523
3,111,451,487,488,523
647,738,764
3,111,451,487,488,523
402,506,778
3,111,451,487,488,523
3,111,451,487,488,523,647,738,764
3,111,451,487,488,523,647,738,764
3,111,147,451,487,488,523,764,857
307,443,470,723,973
598,628,729
26,238,307,443,570,598,628,723,729,973
3,111,451,487,488,523
3,111,307,443,451,487,488,523,723,973
402,647,764,778
3,111,451,487,488,523
247,470,634
3,111,451,487,488,523
3,111,451,487,488,523
598,628,729
3,111,451,487,488,523
3,111,451,487,488,523,647,738,764
3,111,451,487,488,523
647,738,764
26,238,506,570,628,647,738,764
3,111,451,487,488,523
307,443,470,595,723,764,973
402,595,778
3,111,402,451,487,488,523,705,961
3,111,238,395,451,487,488,523
3,111,451,487,488,523
3,111,451,487,488,523
111,451,487,488,506,523
480,629,634,950,998
247,443,470,506,634
307,443,470,723,973
647,738,764
247,443,470,595,634,764
506,595,764
307,443,470,598,628,723,729,973
3,111,451,480,487,488,523,629,634,950,998
3,111,451,480,487,488,523,595,764
402,778
443,470,723,973
506,647,738,764
3,111,451,487,488,523,570,628,803,826,883
402,595,705,764,961
26,238,395,402,570,595,628,764
647,738,764
480,629,634,950,998
598,628,729
3,111,451,487,488,523
480,629,634,950,998
238,395,647,738,764
595,764
3,111,402,443,451,470,487,488,523,634,778
26,238,570,598,628,729
247,443,470,480,634,950,998
3,111,451,487,523
3,111,307,443,451,470,487,488,523,723,973
247,443,470,634
169,423,432,647
3,111,451,487,488
402,778
3,111,451,487,488,523
402,480,629,647,738,764,778,998
169,402,423,647,705,961
26,238,506,570,628
480,629,634,950,998
238,395,778
307,443,470,723
705,961
3,111,451,487,488,523,961
26,48,238,470,570,610,628,885,973
3,451,487,488,523
169,402,506,598,628,647,705,729,961
3,111,451,487,488,523
480,629,634,738,764,950,998
628,729
26,197,238,570,628,634,998
307,443,470,723,973
307,443,470,723,973
3,111,451,487,488,523
307,443,470,723,973
26,238,570,628
480,629,634,950,998
3,111,451,487,488,523
307,470,723,973
3,111,247,451,487,488,506,523,578,629,634,998
598,628,729
307,443,470,723,973
480,629,634,950,998
247,443,470,506,634
3,111,487,488,523,598,628,729
3,111,451,487,488,506,523
3,111,451,487,488,523,595,764
778
595,764
247,443,470,634
3,111,451,487,488,523
3,111,451,487,488,523
3,111,451,487,488,523,598,628,729
3,111,451,487,488,523
307,402,443,470,778,973
3,111,451,487,488,523
3,111,451,487,488,523
3,111,451,487,488,523
3,111,451,487,488,523
247,443,470,595,634
307,402,443,470,629,634,705,723,950,961,973,998
3,111,238,395,451,480,487,488,523,629,634,950,998
628,729
26,238,402,628,705,961
3,111,451,487,488,523,647,738,764
402,443,506,973
3,111,451,487,488,523
480,629,634,950,998
3,111,451,487,488,523
3,111,451,487,488,523,629,950
307,443,723,973
3,451,488,523
3,111,451,487,488,523
3,111,451,487,488,523
3,111,451,487,488,523,764
3,111,451,487,488,523,647,738,764
26,238,570,628,647,738,764
26,238,570,628
26,147,238,570,628,764,857
3,111,451,487,488,523
307,443,451,470,487,488,523,723
307,723,778
3,111,451,487,488,523
48,470,480,610,629,634,885,950,973
169,423,432,647
3,111,451,487,488,523
307,470,723
3,111,451,487,488,523
480,629,634,764,950,998
480,629,998
3,111,451,487,488,523
26,238,570,628
3,111,451,487,523
26,238,506,570,628
402,595,705,764
402,480,506,629,634,778,950,998
402,778
3,111,451,487,488,523
307,443,470,506,723,973
26,247,443,470,570,628,634
169,307,443,470,506,647,723,973
3,111,451,487,488,523
3,111,238,395,451,487,488,523
3,111,451,487,488,523
307,443,470,506,723,973
3,111,451,487,488,523
3,111,487,488,523
3,111,451,487,488,523
307,443,470,506,723,778,973
3,111,451,487,488,523
3,451,487,488,523
3,111,451,487,488,523,598,628,729
247,443,506,634
48,470,610,885,973
307,443,470,723,973
147,764,857
595,647,738,764,778
647,738,764
111,444,487,913
3,111,451,487,488,523,595,764
3,111,451,487,488,523
3,111,451,487,488,523
598,628,729
480,629,634,950,998
26,238,570,628
26,238,570,595,628,764
647,738,764
307,443,470,723,973
506,598,628,729
3,111,451,487,488,523
3,111,451,487,488,523
307,402,443,470,598,628,705,723,729,961,973
629,634,950,998
26,238,570,628
3,111,451,487,488,523
247,443,470,634,778
307,443,470,506,647,723,738,764,973
3,111,451,487,488,523
3,111,451,487,488,523
3,111,247,443,451,470,487,488,523,634
3,111,402,451,487,488,523
778
3,111,402,451,487,488,523,705,961
3,111,487,488,523
169,423,432,647
3,111,451,488,523
628,764,803,826,883
3,111,451,480,487,488,506,523,629,634,950,998
3,111,451,487,488,523
3,111,169,423,432,451,487,488,523,647
26,307,443,470,570,628,723
307,443,470,723,973
3,111,451,487,488,523
307,443,470,506,723,973
307,443,470,647,723,738,764,973
247,443,470,506,595,634,764
506,647,738,764
480,598,629,634,950,998
402,506,598,628,729,961
3,111,402,443,451,487,488,506,523,634,778
26,238,480,570,628,629,634,950,998
26,238,570,628
3,111,451,487,523
307,443,470,723,973
247,443,470,634
402,705,961
26,238,506,570,628
238,395,647,738,764
647,738,764
307,443,470,723,973
598,628,729
647,738,764
48,470,610,885,973
26,238,570,628
169,423,432,647
111,451,487,488,523,595
3,111,480,487,488,523,634,950,998
3,488,523,595,647,738,764
764
402,705,961
506,647,738,764
3,26,111,238,451,487,523,570,628
3,111,451,487,488,523
402,443,470,634,778
3,111,451,487,488,523,647,738,764
26,48,238,470,570,610,628,885,973
238,307,395,443,470,723,973
3,111,395,451,487,488,523
238,570,628
3,111,451,487,488,523
3,451,488,523,647,738,764
26,238,570,628
595,629,634,764,998
480,629,634,950,998
598,729
3,26,238,487,488,523,570,628
3,111,451,487,488,523
26,238,570,628
169,432,598,628,729
3,111,451,487,488,523
26,238,247,506,570,578,628,647,738,764
3,111,307,443,451,470,487,488,523,723,973
307,443,470,595,723,764,973
3,111,451,487,488,523
3,111,451,487,488,523
647,729,738,764
247,307,443,470,634,723,973
3,111,451,487,488,523
3,111,451,487,488
3,111,451,488,523
307,443,470,723,973
3,111,451,487,488,523
3,111,451,487,488,523
598,628,729
3,111,451,487,488,523
26,238,402,570,628,778
247,443,470,595,634,764
247,443,470,506,634
3,111,451,487,488,523,764
598,628,729
3,111,451,487,488,523,595,764
71,266,338,402,738
598,628,647,729,738,764
3,111,451,487,488,523
506
480,629,634,950,998
3,111,487,488,523
3,111,451,487,488,523
3,111,147,451,487,488,523,764,857
480,629,634,950,998
26,238,570,628
169,423,432,647,950
402,705,961
307,443,470,723,973
3,111,307,451,470,487,506,523,723,973
402,705,961
3,111,451,487,488,523
307,443,470,506,723,973
3,26,111,238,451,487,488,523,570,598,628,729
247,402,443,470,634,778
647,738,764
307,443,470,506,723,973
3,111,451,487,488,523
506
629,634,950,998
3,111,451,487,523
3,111,451,487,488,523
3,111,451,487,488,523
3,111,402,451,487,488,523,778
238,307,395,443,470,723,973
247,443,470,634
598,628,729
3,111,402,451,487,488,523,778
247,443,470,634
247,443,470,634,647,738,764
238,570,628
3,111,432,451,480,488,523,634,647,950,998
3,451,480,487,488,523,595,629,764,950,998
3,111,451,487,488,523
26,238,570,628,729
3,111,451,487,488,523
307,402,443,470,778
3,451,487,488,523
3,111,451,487,488,523
3,48,470,487,488,523,610,764,885,973
402,595,764,778
3,111,451,487,488,523
3,26,111,238,451,488,523,570,628
598,628,729
3,111,247,443,451,470,487,488,523,634
3,111,451,523
3,111,451,487,488,523
3,111,451,487,488,523
3,111,402,451,487,488,523,778
247,443,470,634
3,111,451,487,488,523,629,634,950,998
402,778
307,443,470,723,973
3,111,451,487,488,523
3,111,451,487,488,523
307,443,470,723,973
3,111,451,487,488,523
26,48,238,470,570,610,628,885,973
169,423,432,647
3,451,487,523
307,470,598,723,729,973
307,443,470,723,973
3,111,451,488,523
26,238,395,402,570,628,705,961
3,111,451,487,488,523
307,443,470,723,973
238,307,395,443,470,723,973
480,629,634,950,998
3,111,451,487,488,523
480,629,634,950,998
598,628,729
3,111,451,487,488,523
26,238,570,628
3,111,238,247,395,443,451,470,487,488,523,634
307,443,470,480,629,634,723,950,973,998
3,111,451,487,488,523
3,111,402,451,487,488,523,778
3,111,402,451,487,488,523,705,778,961
26,71,238,266,338,402,570,628,738
26,238,307,443,470,570,628,647,723,738,764,973
3,26,111,238,451,488,523,570,628
595,647,738
3,307,443,451,470,487,488,523
26,238,570,628
3,111,451,487,488,523
3,111,451,487,488,523
3,111,451,487,488,523
598,628,729
3,111,451,487,488,523
3,111,247,443,451,470,487,488,523,634
338,738
3,111,451,487,488,523
3,111,451,487,488,523
26,238,570,595,598,628,729,764
26,238,570,705,961
402,778
238,395
307,443,470,723,973
480,506,629,634,950,998
443,470
3,111,451,487,488,523
3,111,451,487,488,523
307,443,470,723,973
26,238,570,628,629,634,950,998
402,595,705,764,961
307,443,470,723,973
3,111,451,487,488,523
3,111,451,487,488,523
598,628,729
238,395,480,950,998
111,451,487,488,523
402,778
3,111,451,487,523
647,738,764
3,111,451,487,488,523
26,570,628,647,738,764
26,169,423,432,570,628,647
3,111,451,487,488,523
197,634,998
307,443,470,480,595,629,634,723,764,950,973,998
402,705,961
598,628,729
647,738
48,610,885
3,111,451,480,487,523,629,950,998
3,111,451,487,523
3,111,451,487,488,523
3,111,451,487,488,506,523
402,778
48,470,610,885,973
738,764
3,111,451,487,488,523
3,111,451,487,488,523
307,402,443,470,705,723,973
3,111,451,487,488,523,595,764
3,111,451,487,488,523,598,628,729,778
3,111,451,487,488,523
307,628,723,729,973
3,111,451,487,488,506,628,729
3,111,451,487,488,523
402,647,738,764
647,738,764
3,111,451,487,488,506,523
402,480,629,634,778,950,998
247,443,470,634
3,111,451,487,488,523
3,111,451,487,488,523
3,111,451,480,487,488,523,629,634,950,998
3,111,451,487,488,523
402,705,961
3,111,451,487,488,523,738,764
480,634,998
3,111,443,451,470,487,488,523,723,973
402,480,629,634,705,950,961,998
506,598,628,647,729,738,764,778
26,238,570,628,629,634,950,998
247,443,470,634
480,634,950,998
3,111,451,487,488,523
3,111,451,487,488,523
3,488,523
48,470,647,738,764,885,973
307,443,470,723,973
3,111,451,487,488,523,705,961
480,629,634,950,998
26,238,247,307,443,470,570,628,723,973
3,111,451,488,523,738,764
307,723,973
247,443,470,598,628,634,647,729,738,764
26,238,570,628
3,111,451,488,523
26,238,570,628
247,470,634
3,111,451,487,488,523
238,395
307,443,470,480,723,950,973,998
3,111,451,487,488,523
595,764
480,629,950,998
26,238,570,628,647,738,764
3,111,451,487,488,523
595,764
443,470,480,506,629,634,950
570,628,803,826,883
598,628,729
3,111,451,487,488,523
307,470,973
628,729
307,443,470,480,629,634,723,950,973,998
3,111,451,487,488,506,523
26,238,247,307,443,470,570,628,634,723,973
3,111,451,487,488,523,598,628,729
598,628,729
3,111,451,487,488
3,111,451,487,488,506,523
26,238,247,307,443,470,570,628,723,973
26,238,570,628
628,729
3,111,451,470,487,488,523,973
595,764
3,111,451,487,488,523
3,111,451,487,488,523
26,238,570,628
506,595,764
3,111,451,487,488,523
247,506,578
3,111,451,487,488,523
26,238,402,570,628
3,111,451,480,487,488,523,629,634,950,998
3,111,451,487,488,523
3,111,451,487,488,523
3,111,451,487,488,523
26,238,570,595,628,764
443,470,723,973
26,238,307,443,470,506,570,628,723,973
307,443,470,723,973
595,764
247,443,470,634
307,443,470,647,764,973
3,111,451,487,488,523
169,423,432,647
307,443,470,480,629,634,723,973,998
26,570
3,111,247,451,487,488,506,523,578
480,629,634,950,998
570,628,803,826,883
629,634,950,998
238,307,395,443,470,723,973
402,778
169,423,432,647
738,764
3,26,111,451,487,488,523,570,628
3,111,451,487,488,523
307,443,470,723,973
3,26,111,238,451,487,488,523,570,628
595,764
307,443,470,723,973
402,598,628,729,778
26,238,570,628
595,598,628,764
3,111,451,487,488,523
111,402,451,487,488,523
647,738,764
26,238,247,402,443,470,570,628,634,778
3,111,451,487,488,523
111,222,444,487,913
238,395,402,778
3,111,451,487,488,523
3,111,307,443,451,487,488,523
3,111,451,487,488,523
247,443,470,634
402,480,629,634,705,961
247,402,443,470,506,634,778
443,470,973
3,111,487,488,523
238,395
3,111,451,487,488,506,523
3,111,451,487,488,523
402,705,961
247,470,480,598,628,629,634,729,950,998
3,111,451,487,488
26,238,570,628
3,111,451,487,488,506,523
3,111,451,487,488,506,523,647,738,764
778
3,111,451,487,488,523
470,480,506,629,634,723,950,973
247,402,470,778
307,443,470,723,973
3,111,451,487,488,506,523
443,470,723,973
3,111,451,480,487,488,523,634,950,998
3,111,402,451,487,488,523
197,634,998
402,506,570,628,705,803,826,883,961
111,451,488
647,738,764
3,111,451,487,488,523
26,238,247,443,470,570,628,634
307,443,470,723,973
111,451,523,629,634,950,998
307,443,470,723,973
307,443,470,723,973
169,423,432,647
26,238,570,628
480,598,628,629,634,950,998
3,111,451,487,488,523
26,238,570,595,628,764
3,111,451,487,488,523,598,628,729
307,443,470,506,570,578,628,723,803,826,883
3,111,451,487,523
3,451,487,488,523,598,628,729
247,506,578,598,628,729
480,629,634,950,998
71,266,338,402,738
169,423,432,647,738,764
26,238,506,570,628
3,26,111,238,451,480,487,488,523,570,628,629,634,950,998
26,238,443,470,570,628,629,634,723,950,973
3,111,451,487,488,523
402,778
307,443,470,723,973
480,634,950,998
3,26,111,451,487,488,506,523,570,628
3,111,487,488,523
3,111,451,487,488,523
26,238,570,628
307,443,470,506,723,973
3,111,451,480,487,488,629,950
26,238,570,628,647,738,764
3,111,451,487,488,523
71,266,338,402,738
26,238,570,628
3,111,451,487,488,523
71,266,338,402,738
3,111,451,487,488,523
26,238,628
3,111,451,487,488,523,595,764
3,111,451,487,488,523
48,470,610,885,973
480,598,629,634,729,950
197,487,634,913,998
3,111,451,487,488,523
3,26,111,238,451,487,488,523,570,595,628
307,443,598,628,723,973
480,629,634,950,998
307,443,470,723,973
506
3,111,451,487,488,523
307,443,723,973
3,111,402,451,487,488,523,778
3,451,480,487,488,523,629,634,950,998
307,443,470,723,973
3,111,451,487,488,523,647,738,764
307,443,470,506,723,973
3,111,451,487,488,523
238,570,628
307,443,470,480,595,598,629,634,723,729,950,973
598,628,729
3,111,451,487,488,523
3,111,451,487,488,523
169,423,432,647
3,48,111,451,470,487,488,523,610,885,973
3,111,451,487,488,523,705,961
3,26,111,238,451,487,488,523,570,628
26,238,570,628
26,238,570,628
3,111,147,451,487,488,523,764,857
26,238,570,628,647,738,764
48,470,610,885,973
3,451,487,488,523
26,307,443,470,570,628,723,973
26,238,570,628
506,598,628,647,729
598,628,729
247,443,634
26,238,570,598,628,729
480,629,634,950,998
147,764,857
307,470,506,723,973
3,111,247,443,451,470,487,488,523,634
3,111,451,487,488,523
26,238,570,628,647,738
598,628,729
3,111,488,523
480,629,634,950,998
598,628,729
26,238,570,628
402,705,961
3,111,307,443,451,470,487,488,523,723,973
3,111,451,487,488,523
307,470,723,973
647,738,764
247,307,443,470,480,629,634,723,950,973,998
3,111,451,487,488,523
3,111,402,451,487,488,778
3,111,451,488,523
238,395,598,628,729
3,111,451,487,488,523
402,443,470,598,723,729,778,973
3,111,451,487,488,523,598,628,729
26,238,570,628,647,738,764
247,506,578,595
598,628
3,111,451,487,488,523
307,443,470,723,973
238,247,395,402,443,470,634,778
3,111,451,487,488,523
247,443,470,634
480,629,634,950,998
3,111,451,487,488,523
3,111,451,487,488,523
307,402,443,723,778
3,111,451,487,488,523
3,111,451,487,488,523
3,26,111,238,451,487,488,523,570,628,647,738,764
197,595,634,738,764
26,238,402,480,506,570,628,629,634,778,950,998
247,443,470,506,595,634,764
3,111,451,487,488,523
598,628,729
3,111,451,487,488,523
26,238,480,570,628,629,634,950,998
480,629,634,950,998
3,111,451,487,488,523
402,647,738,764,778
480,629,634,950,998
3,111,451,487,488,523
26,238,480,570,628,629,634,950,998
480,506,595,634,738,764,950,998
402,647,738,764,778
3,111,247,443,451,470,487,488,523,634
3,111,451,487,488,523
247,402,470,634,778
402,705,961
307,443,506,595,723,973
247,443,470,634
307,598,628,647,723,729,764,973
3,111,451,488,523
3,111,451,487,488,523
247,443,634
26,238,570,628
3,111,402,451,480,487,488,523,778,950
3,26,111,238,451,487,488,506,523,570,628
169,423,432,647
307,402,470,723,961,973
3,111,451,487,488,523
307,443,470,723,973
3,111,451,487,488,523
506,598,628,729
3,111,451,487,488,523
738,764
3,111,451,487,488,523
647,738,764
598,628,729
238,570,598,628,729
3,111,451,487,488,523
3,111,451,487,488,523
3,111,487,488,506,523,578,598,628,729
402,778
570,628,803,826,883
3,111,451,487,488,523
3,111,451,487,488,523
451,487,595,764
26,238,570,628
402,778
3,111,402,451,487,488,523,778
307,443,470,480,634,723,950,973
3,111,451,487,488,523
3,111,451,487,488,523
480,629,634,950,998
247,443,470,634
570,628,803,826,883
3,111,451,487,523,778
26,111,238,307,443,451,470,487,488,523,570,628,723,973
26,238,570,598,628,729
647,738,764
3,111,451,487,488,523
3,111,451,487,488,523
3,111,451,487,488,506,523,598,628,729
26,238,570,628
307,443,470,723,973
598,628,729
3,111,451,487,488,523
598,628
307,443,470,647,723,738,764,973
506
598,628,729
26,238,570,628
247,307,443,470,634,723,973
3,111,451,487,488,523
26,238,570,628
3,111,423,432,451,487,488,523
3,111,451,487,488,523
402,647,705,738,764,961
402,480,629,634,705,950,961
402,480,629,634,705,950,961,998
402,705,961
3,111,451,487,488,523
307,443,470,723,973
26,238,402,570,628,705,961
3,111,451,487,488,523